Model,Accuracy,Precision,Recall,F1 Score,ROC-AUC
Logistic Regression,0.7551020408163265,0.3563218390804598,0.6595744680851063,0.4626865671641791,0.8036006546644844
Random Forest,0.8401360544217688,0.5,0.06382978723404255,0.11320754716981132,0.7979154104574037
Gradient Boosting,0.8537414965986394,0.6111111111111112,0.23404255319148937,0.3384615384615385,0.7937806873977087
